{
  "Ansi 0 Color" : {
    "Red Component" : 0.1762142032384872,
    "Color Space" : "Calibrated",
    "Blue Component" : 0.2530012428760529,
    "Alpha Component" : 1,
    "Green Component" : 0.1969218552112579
  },
  "Tags" : [

  ],
  "Ansi 12 Color" : {
    "Red Component" : 0.4340144395828247,
    "Color Space" : "Calibrated",
    "Blue Component" : 0.7045942544937134,
    "Alpha Component" : 1,
    "Green Component" : 0.5608044862747192
  },
  "Scrollback With Status Bar" : true,
  "Guid" : "C0A49F55-D8B6-4806-A091-DB5C43D2D94C",
  "Bold Color" : {
    "Red Component" : 0.9072774648666382,
    "Color Space" : "Calibrated",
    "Blue Component" : 0.945746898651123,
    "Alpha Component" : 1,
    "Green Component" : 0.9209208488464355
  },
  "Ansi 7 Color" : {
    "Red Component" : 0.8736777901649475,
    "Color Space" : "Calibrated",
    "Blue Component" : 0.9262098073959351,
    "Alpha Component" : 1,
    "Green Component" : 0.8916594386100769
  },
  "Ansi 8 Color" : {
    "Red Component" : 0.2330617606639862,
    "Color Space" : "Calibrated",
    "Blue Component" : 0.3406426012516022,
    "Alpha Component" : 1,
    "Green Component" : 0.2652154266834259
  },
  "Ansi 9 Color" : {
    "Red Component" : 0.688555896282196,
    "Color Space" : "Calibrated",
    "Blue Component" : 0.3416893780231476,
    "Alpha Component" : 1,
    "Green Component" : 0.2943579256534576
  },
  "Rows" : 60,
  "Default Bookmark" : "No",
  "Horizontal Spacing" : 1,
  "Link Color" : {
    "Red Component" : 0.8736777901649475,
    "Color Space" : "Calibrated",
    "Blue Component" : 0.9262098073959351,
    "Alpha Component" : 1,
    "Green Component" : 0.8916594386100769
  },
  "Cursor Guide Color" : {
    "Red Component" : 0.1762142032384872,
    "Color Space" : "Calibrated",
    "Blue Component" : 0.2530012428760529,
    "Alpha Component" : 1,
    "Green Component" : 0.1969218552112579
  },
  "Non-ASCII Anti Aliased" : true,
  "Use Bright Bold" : true,
  "Ansi 10 Color" : {
    "Red Component" : 0.5760542154312134,
    "Color Space" : "Calibrated",
    "Blue Component" : 0.4759744107723236,
    "Alpha Component" : 1,
    "Green Component" : 0.7002110481262207
  },
  "Ambiguous Double Width" : false,
  "Jobs to Ignore" : [
    "rlogin",
    "ssh",
    "slogin",
    "telnet"
  ],
  "Ansi 15 Color" : {
    "Red Component" : 0.9072774648666382,
    "Color Space" : "Calibrated",
    "Blue Component" : 0.945746898651123,
    "Alpha Component" : 1,
    "Green Component" : 0.9209208488464355
  },
  "Foreground Color" : {
    "Red Component" : 0.8121472597122192,
    "Color Space" : "Calibrated",
    "Blue Component" : 0.8922591209411621,
    "Alpha Component" : 1,
    "Green Component" : 0.8385788202285767
  },
  "Working Directory" : "\/Users\/jd",
  "Blinking Cursor" : false,
  "Disable Window Resizing" : true,
  "Sync Title" : false,
  "Prompt Before Closing 2" : false,
  "BM Growl" : true,
  "Command" : "",
  "Description" : "Default",
  "Mouse Reporting" : true,
  "Screen" : -1,
  "Selection Color" : {
    "Red Component" : 0.2330617606639862,
    "Color Space" : "Calibrated",
    "Blue Component" : 0.3406426012516022,
    "Alpha Component" : 1,
    "Green Component" : 0.2652154266834259
  },
  "Only The Default BG Color Uses Transparency" : false,
  "Columns" : 200,
  "Idle Code" : 0,
  "Hide After Opening" : false,
  "Ansi 13 Color" : {
    "Red Component" : 0.6428365707397461,
    "Color Space" : "Calibrated",
    "Blue Component" : 0.6157113313674927,
    "Alpha Component" : 1,
    "Green Component" : 0.4748716652393341
  },
  "Custom Command" : "No",
  "ASCII Anti Aliased" : true,
  "Non Ascii Font" : "SauceCodePowerline-Regular 12",
  "Vertical Spacing" : 1,
  "Use Bold Font" : true,
  "Option Key Sends" : 0,
  "Selected Text Color" : {
    "Red Component" : 0.8121471405029297,
    "Color Space" : "Calibrated",
    "Blue Component" : 0.8922592401504517,
    "Alpha Component" : 1,
    "Green Component" : 0.8385788202285767
  },
  "Background Color" : {
    "Red Component" : 0.1357133686542511,
    "Color Space" : "Calibrated",
    "Blue Component" : 0.1918390095233917,
    "Alpha Component" : 1,
    "Green Component" : 0.1525594741106033
  },
  "Character Encoding" : 4,
  "Ansi 11 Color" : {
    "Red Component" : 0.8990201950073242,
    "Color Space" : "Calibrated",
    "Blue Component" : 0.4728026986122131,
    "Alpha Component" : 1,
    "Green Component" : 0.7557785511016846
  },
  "Use Italic Font" : true,
  "Unlimited Scrollback" : true,
  "Keyboard Map" : {
    "0xf700-0x260000" : {
      "Text" : "[1;6A",
      "Action" : 10
    },
    "0x37-0x40000" : {
      "Text" : "0x1f",
      "Action" : 11
    },
    "0x32-0x40000" : {
      "Text" : "0x00",
      "Action" : 11
    },
    "0xf709-0x20000" : {
      "Text" : "[17;2~",
      "Action" : 10
    },
    "0xf70c-0x20000" : {
      "Text" : "[20;2~",
      "Action" : 10
    },
    "0xf729-0x20000" : {
      "Text" : "[1;2H",
      "Action" : 10
    },
    "0xf72b-0x40000" : {
      "Text" : "[1;5F",
      "Action" : 10
    },
    "0xf705-0x20000" : {
      "Text" : "[1;2Q",
      "Action" : 10
    },
    "0xf703-0x260000" : {
      "Text" : "[1;6C",
      "Action" : 10
    },
    "0xf700-0x220000" : {
      "Text" : "[1;2A",
      "Action" : 10
    },
    "0xf701-0x280000" : {
      "Text" : "0x1b 0x1b 0x5b 0x42",
      "Action" : 11
    },
    "0x38-0x40000" : {
      "Text" : "0x7f",
      "Action" : 11
    },
    "0x33-0x40000" : {
      "Text" : "0x1b",
      "Action" : 11
    },
    "0xf703-0x220000" : {
      "Text" : "[1;2C",
      "Action" : 10
    },
    "0xf701-0x240000" : {
      "Text" : "[1;5B",
      "Action" : 10
    },
    "0xf70d-0x20000" : {
      "Text" : "[21;2~",
      "Action" : 10
    },
    "0xf702-0x260000" : {
      "Text" : "[1;6D",
      "Action" : 10
    },
    "0xf729-0x40000" : {
      "Text" : "[1;5H",
      "Action" : 10
    },
    "0xf706-0x20000" : {
      "Text" : "[1;2R",
      "Action" : 10
    },
    "0x34-0x40000" : {
      "Text" : "0x1c",
      "Action" : 11
    },
    "0xf700-0x280000" : {
      "Text" : "0x1b 0x1b 0x5b 0x41",
      "Action" : 11
    },
    "0x2d-0x40000" : {
      "Text" : "0x1f",
      "Action" : 11
    },
    "0xf70e-0x20000" : {
      "Text" : "[23;2~",
      "Action" : 10
    },
    "0xf702-0x220000" : {
      "Text" : "[1;2D",
      "Action" : 10
    },
    "0xf703-0x280000" : {
      "Text" : "0x1b 0x1b 0x5b 0x43",
      "Action" : 11
    },
    "0xf700-0x240000" : {
      "Text" : "[1;5A",
      "Action" : 10
    },
    "0xf707-0x20000" : {
      "Text" : "[1;2S",
      "Action" : 10
    },
    "0xf70a-0x20000" : {
      "Text" : "[18;2~",
      "Action" : 10
    },
    "0x35-0x40000" : {
      "Text" : "0x1d",
      "Action" : 11
    },
    "0xf70f-0x20000" : {
      "Text" : "[24;2~",
      "Action" : 10
    },
    "0xf703-0x240000" : {
      "Text" : "[1;5C",
      "Action" : 10
    },
    "0xf701-0x260000" : {
      "Text" : "[1;6B",
      "Action" : 10
    },
    "0xf702-0x280000" : {
      "Text" : "0x1b 0x1b 0x5b 0x44",
      "Action" : 11
    },
    "0xf72b-0x20000" : {
      "Text" : "[1;2F",
      "Action" : 10
    },
    "0x36-0x40000" : {
      "Text" : "0x1e",
      "Action" : 11
    },
    "0xf708-0x20000" : {
      "Text" : "[15;2~",
      "Action" : 10
    },
    "0xf701-0x220000" : {
      "Text" : "[1;2B",
      "Action" : 10
    },
    "0xf70b-0x20000" : {
      "Text" : "[19;2~",
      "Action" : 10
    },
    "0xf702-0x240000" : {
      "Text" : "[1;5D",
      "Action" : 10
    },
    "0xf704-0x20000" : {
      "Text" : "[1;2P",
      "Action" : 10
    }
  },
  "Window Type" : 12,
  "Blur Radius" : 30,
  "Cursor Type" : 2,
  "Initial Text" : "",
  "Background Image Location" : "",
  "Blur" : true,
  "Badge Color" : {
    "Red Component" : 0.2025250792503357,
    "Color Space" : "Calibrated",
    "Blue Component" : 0.2960072755813599,
    "Alpha Component" : 0.7057952880859375,
    "Green Component" : 0.2304649949073792
  },